{
    "LNK100_Vert1000": 3519.0,
    "LNK100_Vert1500": 4409.0,
    "LNK100_Vert2000": 4438.0,
    "LNK100_Vert3000": 5102.0,
    "LNK100_Hor1000": 1928.0,
    "LNK100_Hor1500": 3197.0,
    "LNK100_Hor2000": 4720.0,
    "LNK100_Torsion": 1835.0,
    "U0_u0.descaling.pressure.extrapolated": 155.85667419433594,
    "U0_u0.gr214_bt01_temp.extrapolated": 941.8836669921876,
    "U0_u0.ds.pos_low_hor_roll": 131.69558715820312,
    "U0_u0.os.pos_low_hor_roll": 131.6527862548828,
    "U0_u0.ds.pos_up_hor_roll": 133.63172912597656,
    "U0_u0.os.pos_up_hor_roll": 136.3206787109375,
    "U0_u0.ds.pos_vert_roll_in": 173.60379028320312,
    "U0_u0.ds.pos_vert_roll_out": 173.45730590820312,
    "U0_u0.os.pos_vert_roll_in": 63.04303359985352,
    "U0_u0.os.pos_vert_roll_out": 62.92950820922852,
    "U0_u0.load_hor_roll": 5262.76025390625,
    "U0_u0.os.load_hor_roll.lower": 3299.725341796875,
    "U0_u0.os.load_hor_roll.upper": 3097.161865234375,
    "U0_u0.ds.load_hor_roll.lower": 2153.23876953125,
    "U0_u0.ds.load_hor_roll.upper": 2201.3046875,
    "U0_u0.os.load_vert_roll": 167.77294921875,
    "U0_u0.ds.load_vert_roll": 2740.444091796875,
    "U0_u0.axial_displace_lower_shaft": 213.52713012695312,
    "U0_u0.ge211_2.ds.line_before.set": 341.0,
    "U0_u0.ge211_2.ds.line_before.act": 341.71099853515625,
    "U0_u0.ge211_1.ds.line_before.set": 341.0,
    "U0_u0.ge211_1.ds.line_before.act": 341.7640075683594,
    "U0_u0.ge212_2.os.line_before.set": 288.0,
    "U0_u0.ge212_2.os.line_before.act": 289.114013671875,
    "U0_u0.ge212_1.os.line_before.set": 288.0,
    "U0_u0.ge212_1.os.line_before.act": 289.3559875488281,
    "U0_u0.gr212_1.ds.table_pos_before": 913.978759765625,
    "U0_u0.gr212_2.os.table_pos_before": 913.9921264648438,
    "U0_u0.ge221.ds.line_after.act": 189.0260009765625,
    "U0_u0.ge222.os.line_after.act": 165.54600524902344,
    "U0_u0.gr232_2.ds.table_pos_after": 900.0089111328125,
    "U0_u0.gr232_2.os.table_pos_after": 900.0244140625,
    "U0_u0.gr242_1.table_pos_after": 879.9909057617188,
    "U0_u0.gg225.cool_roll": 100.0,
    "U0_u0.speed_mps": 3.706597805023194,
    "U0_u0.torque": 103.92269897460938,
    "U0_u0.current": 370.0,
    "U0_u0.uf.speed_mps": 2.9096615314483643,
    "U0_u0.uf.torque": 23.640600204467773,
    "U0_u0.uf.current": 183.0,
    "U0_u0.fest.load_hor_roll": 4555.0,
    "TDM_UF_1_uf.ge21-1.ds.line_after.act": 268.1010131835937,
    "TDM_UF_1_uf.ge21-2.ds.line_after.act": 268.8630065917969,
    "TDM_UF_1_uf.ge21-3.ds.line_after.act": 177.03500366210938,
    "TDM_UF_1_uf.ge22-1.os.line_after.act": 897.9530029296875,
    "TDM_UF_1_uf.ge22-2.os.line_after.act": 899.9949951171875,
    "TDM_UF_1_uf.ge22-3.os.line_after.act": 622.741943359375,
    "TDM_UF_1_uf.ge25-1.os.jackhammer_pos.act": 846.54296875,
    "TDM_UF_1_uf.ge35-1.jackhammer_pos.act": 522.426025390625,
    "TDM_UF_1_uf.gr32-1.ds.table_pos_after.act": 894.998046875,
    "TDM_UF_1_uf.gr32-2.os.table_pos_after.act": 895.0054321289062,
    "TDM_UF_1_uf.gr37-1.table_pos_after.act": 885.0135498046875,
    "TDM_UF_1_uf.gg125.cool_roll": 99.24407196044922,
    "TDM_UF_1_uf.ds.pos_up_hor_roll": 123.67658996582033,
    "TDM_UF_1_uf.os.pos_up_hor_roll": 123.76470947265624,
    "TDM_UF_1_uf.ds.pos_vert_roll_in": 163.0860595703125,
    "TDM_UF_1_uf.ds.pos_vert_roll_out": 163.0494384765625,
    "TDM_UF_1_uf.os.pos_vert_roll_in": 156.68458557128906,
    "TDM_UF_1_uf.os.pos_vert_roll_out": 156.62232971191406,
    "TDM_UF_1_uf.ds.pos_low_hor_roll": 122.0627212524414,
    "TDM_UF_1_uf.os.pos_low_hor_roll": 122.04761505126952,
    "TDM_UF_1_uf.load_hor_roll": 2845.2734375,
    "TDM_UF_1_uf.os.load_hor_roll.lower": 1330.39599609375,
    "TDM_UF_1_uf.os.load_hor_roll.upper": 1330.39599609375,
    "TDM_UF_1_uf.ds.load_hor_roll.lower": 1779.2401123046875,
    "TDM_UF_1_uf.ds.load_hor_roll.upper": 1581.2542724609375,
    "TDM_UF_1_uf.os.load_vert_roll": 1943.6942138671875,
    "TDM_UF_1_uf.ds.load_vert_roll": 2809.79638671875,
    "TDM_UF_1_uf.axial_displace_lower_shaft": 214.9279022216797,
    "TDM_UF_1_uf.torque": 65.22689819335938,
    "TDM_UF_1_uf.current": 763.0,
    "TDM_UF_1_uf.speed.act": 6.80207633972168,
    "TDM_UF_1_uf.speed.set": 6.800000190734863,
    "TDM_UF_2_uf.ge21-1.ds.line_after.act": 305.11700439453125,
    "TDM_UF_2_uf.ge21-2.ds.line_after.act": 305.6969909667969,
    "TDM_UF_2_uf.ge21-3.ds.line_after.act": 177.03500366210938,
    "TDM_UF_2_uf.ge22-1.os.line_after.act": 974.0660400390624,
    "TDM_UF_2_uf.ge22-2.os.line_after.act": 976.7760009765624,
    "TDM_UF_2_uf.ge22-3.os.line_after.act": 640.2230224609375,
    "TDM_UF_2_uf.ge25-1.os.jackhammer_pos.act": 846.54296875,
    "TDM_UF_2_uf.ge35-1.jackhammer_pos.act": 522.426025390625,
    "TDM_UF_2_uf.gr32-1.ds.table_pos_after.act": 894.998046875,
    "TDM_UF_2_uf.gr32-2.os.table_pos_after.act": 895.0054321289062,
    "TDM_UF_2_uf.gr37-1.table_pos_after.act": 885.0135498046875,
    "TDM_UF_2_uf.gg125.cool_roll": 99.17896270751952,
    "TDM_UF_2_uf.ds.pos_up_hor_roll": 125.9778060913086,
    "TDM_UF_2_uf.os.pos_up_hor_roll": 126.24971771240234,
    "TDM_UF_2_uf.ds.pos_vert_roll_in": 169.04074096679688,
    "TDM_UF_2_uf.ds.pos_vert_roll_out": 168.80636596679688,
    "TDM_UF_2_uf.os.pos_vert_roll_in": 159.8560333251953,
    "TDM_UF_2_uf.os.pos_vert_roll_out": 159.7608184814453,
    "TDM_UF_2_uf.ds.pos_low_hor_roll": 123.87549591064452,
    "TDM_UF_2_uf.os.pos_low_hor_roll": 123.84528350830078,
    "TDM_UF_2_uf.load_hor_roll": 3207.14111328125,
    "TDM_UF_2_uf.os.load_hor_roll.lower": 1410.2769775390625,
    "TDM_UF_2_uf.os.load_hor_roll.upper": 1553.1014404296875,
    "TDM_UF_2_uf.ds.load_hor_roll.lower": 1928.0155029296875,
    "TDM_UF_2_uf.ds.load_hor_roll.upper": 1831.4259033203125,
    "TDM_UF_2_uf.os.load_vert_roll": 1425.2689208984375,
    "TDM_UF_2_uf.ds.load_vert_roll": 2857.8623046875,
    "TDM_UF_2_uf.axial_displace_lower_shaft": 214.9599456787109,
    "TDM_UF_2_uf.torque": 17.736600875854492,
    "TDM_UF_2_uf.current": 482.0,
    "TDM_UF_2_uf.speed.act": 0.0,
    "TDM_UF_2_uf.speed.set": 0.0,
    "TDM_UF_3_uf.ge21-1.ds.line_after.act": 268.1010131835937,
    "TDM_UF_3_uf.ge21-2.ds.line_after.act": 268.8630065917969,
    "TDM_UF_3_uf.ge21-3.ds.line_after.act": 177.03500366210938,
    "TDM_UF_3_uf.ge22-1.os.line_after.act": 897.9530029296875,
    "TDM_UF_3_uf.ge22-2.os.line_after.act": 899.9949951171875,
    "TDM_UF_3_uf.ge22-3.os.line_after.act": 622.741943359375,
    "TDM_UF_3_uf.ge25-1.os.jackhammer_pos.act": 846.54296875,
    "TDM_UF_3_uf.ge35-1.jackhammer_pos.act": 522.426025390625,
    "TDM_UF_3_uf.gr32-1.ds.table_pos_after.act": 894.9979248046875,
    "TDM_UF_3_uf.gr32-2.os.table_pos_after.act": 895.0054321289062,
    "TDM_UF_3_uf.gr37-1.table_pos_after.act": 885.0135498046875,
    "TDM_UF_3_uf.gg125.cool_roll": 99.21151733398438,
    "TDM_UF_3_uf.ds.pos_up_hor_roll": 128.99658203125,
    "TDM_UF_3_uf.os.pos_up_hor_roll": 129.46990966796875,
    "TDM_UF_3_uf.ds.pos_vert_roll_in": 174.5522918701172,
    "TDM_UF_3_uf.ds.pos_vert_roll_out": 174.5120086669922,
    "TDM_UF_3_uf.os.pos_vert_roll_in": 172.81643676757812,
    "TDM_UF_3_uf.os.pos_vert_roll_out": 172.65528869628906,
    "TDM_UF_3_uf.ds.pos_low_hor_roll": 127.22911834716795,
    "TDM_UF_3_uf.os.pos_low_hor_roll": 127.25178527832033,
    "TDM_UF_3_uf.load_hor_roll": 3869.535400390625,
    "TDM_UF_3_uf.os.load_hor_roll.lower": 1660.2197265625,
    "TDM_UF_3_uf.os.load_hor_roll.upper": 1734.3785400390625,
    "TDM_UF_3_uf.ds.load_hor_roll.lower": 2359.46435546875,
    "TDM_UF_3_uf.ds.load_hor_roll.upper": 2167.4296875,
    "TDM_UF_3_uf.os.load_vert_roll": 1236.209716796875,
    "TDM_UF_3_uf.ds.load_vert_roll": 2519.11181640625,
    "TDM_UF_3_uf.axial_displace_lower_shaft": 214.9279022216797,
    "TDM_UF_3_uf.torque": 55.977298736572266,
    "TDM_UF_3_uf.current": 415.0,
    "TDM_UF_3_uf.speed.act": 6.185592651367188,
    "TDM_UF_3_uf.speed.set": 6.142499923706055,
    "TDM_UR_1_ur.descaling.pressure.extrapolated": 186.3203125,
    "TDM_UR_1_ur.gr24_bt01.temp.extrapolated": 1033.029541015625,
    "TDM_UR_1_ur.ge11-1.ds.line_before.act": 309.2569885253906,
    "TDM_UR_1_ur.ge11-1.ds.line_before.set": 308.0,
    "TDM_UR_1_ur.ge11-2.ds.line_before.act": 308.1000061035156,
    "TDM_UR_1_ur.ge11-2.ds.line_before.set": 308.0,
    "TDM_UR_1_ur.ge11-3.ds.line_before.act": 170.25900268554688,
    "TDM_UR_1_ur.ge11-3.ds.line_before.set": 170.4283905029297,
    "TDM_UR_1_ur.ge12-1.os.line_before.act": 931.507080078125,
    "TDM_UR_1_ur.ge12-1.os.line_before.set": 928.5,
    "TDM_UR_1_ur.ge12-2.os.line_before.act": 930.2960205078124,
    "TDM_UR_1_ur.ge12-2.os.line_before.set": 928.5,
    "TDM_UR_1_ur.ge12-3.os.line_before.act": 594.5260009765625,
    "TDM_UR_1_ur.ge12-3.os.line_before.set": 591.3617553710938,
    "TDM_UR_1_ur.gr27-1.table_pos_before.act": 900.058837890625,
    "TDM_UR_1_ur.gr27-1.table_pos_before.set": 900.0,
    "TDM_UR_1_ur.gr22-1.os.table_pos_before.act": 919.9818725585938,
    "TDM_UR_1_ur.gr22-1.os.table_pos_before.set": 920.0,
    "TDM_UR_1_ur.gr22-2.os.table_pos_before.act": 919.999755859375,
    "TDM_UR_1_ur.gr22-2.os.table_pos_before.set": 920.0,
    "TDM_UR_1_ur.gg25.cool_roll.set": 100.0,
    "TDM_UR_1_ur.gg25.cool_roll.act": 100.0,
    "TDM_UR_1_ur.ds.barrel_width": 342.0,
    "TDM_UR_1_ur.os.barrel_width": 342.0,
    "TDM_UR_1_ur.ds.pos_low_hor_roll": 121.7429656982422,
    "TDM_UR_1_ur.os.pos_low_hor_roll": 121.7077178955078,
    "TDM_UR_1_ur.ds.pos_up_hor_roll": 123.19318389892578,
    "TDM_UR_1_ur.os.pos_up_hor_roll": 123.3115234375,
    "TDM_UR_1_ur.ds.pos_vert_roll_in": 153.15792846679688,
    "TDM_UR_1_ur.ds.pos_vert_roll_out": 153.08834838867188,
    "TDM_UR_1_ur.os.pos_vert_roll_in": 151.59051513671875,
    "TDM_UR_1_ur.os.pos_vert_roll_out": 151.47698974609375,
    "TDM_UR_1_ur.load_hor_roll": 3825.818359375,
    "TDM_UR_1_ur.os.load_hor_roll.lower": 2142.7099609375,
    "TDM_UR_1_ur.os.load_hor_roll.upper": 2251.88818359375,
    "TDM_UR_1_ur.ds.load_hor_roll.lower": 1697.98583984375,
    "TDM_UR_1_ur.ds.load_hor_roll.upper": 1584.2298583984375,
    "TDM_UR_1_ur.os.load_vert_roll": 1645.9144287109375,
    "TDM_UR_1_ur.ds.load_vert_roll": 2685.0537109375,
    "TDM_UR_1_ur.axial_displace_lower_shaft": 216.040283203125,
    "TDM_UR_1_ur.torque": 88.05570220947266,
    "TDM_UR_1_ur.current": 761.0,
    "TDM_UR_1_ur.speed.act": 7.001784801483154,
    "TDM_UR_1_ur.speed.set": 7.0,
    "TDM_UR_2_ur.descaling.pressure.extrapolated": 11.004629135131836,
    "TDM_UR_2_ur.gr24_bt01.temp.extrapolated": 975.217041015625,
    "TDM_UR_2_ur.ge11-1.ds.line_before.act": 226.2330017089844,
    "TDM_UR_2_ur.ge11-1.ds.line_before.set": 225.5,
    "TDM_UR_2_ur.ge11-2.ds.line_before.act": 225.6519775390625,
    "TDM_UR_2_ur.ge11-2.ds.line_before.set": 225.5,
    "TDM_UR_2_ur.ge11-3.ds.line_before.act": 170.25900268554688,
    "TDM_UR_2_ur.ge11-3.ds.line_before.set": 170.4283905029297,
    "TDM_UR_2_ur.ge12-1.os.line_before.act": 836.2119750976562,
    "TDM_UR_2_ur.ge12-1.os.line_before.set": 834.0,
    "TDM_UR_2_ur.ge12-2.os.line_before.act": 834.8610229492188,
    "TDM_UR_2_ur.ge12-2.os.line_before.set": 834.0,
    "TDM_UR_2_ur.ge12-3.os.line_before.act": 585.7919921875,
    "TDM_UR_2_ur.ge12-3.os.line_before.set": 585.6925659179688,
    "TDM_UR_2_ur.gr27-1.table_pos_before.act": 900.058837890625,
    "TDM_UR_2_ur.gr27-1.table_pos_before.set": 900.0,
    "TDM_UR_2_ur.gr22-1.os.table_pos_before.act": 919.9817504882812,
    "TDM_UR_2_ur.gr22-1.os.table_pos_before.set": 920.0,
    "TDM_UR_2_ur.gr22-2.os.table_pos_before.act": 919.9996337890624,
    "TDM_UR_2_ur.gr22-2.os.table_pos_before.set": 920.0,
    "TDM_UR_2_ur.gg25.cool_roll.set": 100.0,
    "TDM_UR_2_ur.gg25.cool_roll.act": 100.0,
    "TDM_UR_2_ur.ds.barrel_width": 342.0,
    "TDM_UR_2_ur.os.barrel_width": 342.0,
    "TDM_UR_2_ur.ds.pos_low_hor_roll": 127.08812713623048,
    "TDM_UR_2_ur.os.pos_low_hor_roll": 127.07805633544922,
    "TDM_UR_2_ur.ds.pos_up_hor_roll": 128.83795166015625,
    "TDM_UR_2_ur.os.pos_up_hor_roll": 129.04190063476562,
    "TDM_UR_2_ur.ds.pos_vert_roll_in": 167.15106201171875,
    "TDM_UR_2_ur.ds.pos_vert_roll_out": 167.08514404296875,
    "TDM_UR_2_ur.os.pos_vert_roll_in": 165.05996704101562,
    "TDM_UR_2_ur.os.pos_vert_roll_out": 164.91714477539062,
    "TDM_UR_2_ur.load_hor_roll": 2648.6611328125,
    "TDM_UR_2_ur.os.load_hor_roll.lower": 1432.25,
    "TDM_UR_2_ur.os.load_hor_roll.upper": 1510.757568359375,
    "TDM_UR_2_ur.ds.load_hor_roll.lower": 1432.02099609375,
    "TDM_UR_2_ur.ds.load_hor_roll.upper": 1545.777099609375,
    "TDM_UR_2_ur.os.load_vert_roll": 2298.237548828125,
    "TDM_UR_2_ur.ds.load_vert_roll": 3088.8076171875,
    "TDM_UR_2_ur.axial_displace_lower_shaft": 216.06317138671875,
    "TDM_UR_2_ur.torque": 24.821399688720703,
    "TDM_UR_2_ur.current": 575.0,
    "TDM_UR_2_ur.speed.act": 5.725673198699951,
    "TDM_UR_2_ur.speed.set": 5.762500286102295,
    "TDM_E_1_e.gh25.cool_roll.act": 79.45240020751953,
    "TDM_E_1_e.ds.pos_low_hor_roll": 124.8221664428711,
    "TDM_E_1_e.os.pos_low_hor_roll": 124.7844009399414,
    "TDM_E_1_e.ds.pos_up_hor_roll": 132.08584594726562,
    "TDM_E_1_e.os.pos_up_hor_roll": 128.8505401611328,
    "TDM_E_1_e.load_hor_roll": 1432.135498046875,
    "TDM_E_1_e.os.load_hor_roll.lower": 846.3035278320312,
    "TDM_E_1_e.os.load_hor_roll.upper": 903.0670776367188,
    "TDM_E_1_e.ds.load_hor_roll.lower": 1022.7741088867188,
    "TDM_E_1_e.ds.load_hor_roll.upper": 1063.7445068359375,
    "TDM_E_1_e.torque": 33.739051818847656,
    "TDM_E_1_e.current": 667.0,
    "TDM_E_1_e.speed.act": 7.010613441467285,
    "TDM_E_1_e.speed.set": 7.0,
    "TDM_E_1_e.uf.load_hor_roll": 1988.78466796875,
    "TDM_E_1_e.uf.os.load_hor_roll.lower": 894.8272094726562,
    "TDM_E_1_e.uf.os.load_hor_roll.upper": 806.4774780273438,
    "TDM_E_1_e.uf.ds.load_hor_roll.lower": 1317.8072509765625,
    "TDM_E_1_e.uf.ds.load_hor_roll.upper": 1211.146728515625,
    "TDM_E_1_e.uf.os.load_vert_roll": 1208.0567626953125,
    "TDM_E_1_e.uf.ds.load_vert_roll": 2043.25927734375,
    "TDM_E_1_e.uf.axial_displace_lower_shaft": 214.9279022216797,
    "TDM_E_1_e.uf.torque": 74.10749816894531,
    "TDM_E_1_e.ur.load_hor_roll": 3147.17333984375,
    "TDM_E_1_e.ur.os.load_hor_roll.lower": 1559.0523681640625,
    "TDM_E_1_e.ur.os.load_hor_roll.upper": 1711.7188720703125,
    "TDM_E_1_e.ur.ds.load_hor_roll.lower": 1876.516357421875,
    "TDM_E_1_e.ur.ds.load_hor_roll.upper": 1706.912353515625,
    "TDM_E_1_e.ur.os.load_vert_roll": 1666.0562744140625,
    "TDM_E_1_e.ur.ds.load_vert_roll": 2414.968994140625,
    "TDM_E_1_e.ur.axial_displace_lower_shaft": 216.040283203125,
    "TDM_E_1_e.ur.torque": 117.8585968017578,
    "TDM_E_2_e.gh25.cool_roll.act": 79.45601654052734,
    "TDM_E_2_e.ds.pos_low_hor_roll": 124.11719512939452,
    "TDM_E_2_e.os.pos_low_hor_roll": 123.8704605102539,
    "TDM_E_2_e.ds.pos_up_hor_roll": 132.08836364746094,
    "TDM_E_2_e.os.pos_up_hor_roll": 128.85305786132812,
    "TDM_E_2_e.load_hor_roll": 1610.8948974609375,
    "TDM_E_2_e.os.load_hor_roll.lower": 825.7037963867188,
    "TDM_E_2_e.os.load_hor_roll.upper": 874.4564208984375,
    "TDM_E_2_e.ds.load_hor_roll.lower": 932.135498046875,
    "TDM_E_2_e.ds.load_hor_roll.upper": 968.9860229492188,
    "TDM_E_2_e.torque": 31.639259338378903,
    "TDM_E_2_e.current": 618.0,
    "TDM_E_2_e.speed.act": 7.003940105438232,
    "TDM_E_2_e.speed.set": 7.0,
    "TDM_E_2_e.uf.load_hor_roll": 2394.8271484375,
    "TDM_E_2_e.uf.os.load_hor_roll.lower": 1053.2158203125,
    "TDM_E_2_e.uf.os.load_hor_roll.upper": 1094.186279296875,
    "TDM_E_2_e.uf.ds.load_hor_roll.lower": 1592.927490234375,
    "TDM_E_2_e.uf.ds.load_hor_roll.upper": 1563.4012451171875,
    "TDM_E_2_e.uf.os.load_vert_roll": 1231.1741943359375,
    "TDM_E_2_e.uf.ds.load_vert_roll": 2777.294677734375,
    "TDM_E_2_e.uf.axial_displace_lower_shaft": 214.93247985839844,
    "TDM_E_2_e.uf.torque": 82.23780059814453,
    "TDM_E_2_e.ur.load_hor_roll": 3147.17333984375,
    "TDM_E_2_e.ur.os.load_hor_roll.lower": 1349.3934326171875,
    "TDM_E_2_e.ur.os.load_hor_roll.upper": 1709.658935546875,
    "TDM_E_2_e.ur.ds.load_hor_roll.lower": 1876.516357421875,
    "TDM_E_2_e.ur.ds.load_hor_roll.upper": 1706.912353515625,
    "TDM_E_2_e.ur.os.load_vert_roll": 1666.0562744140625,
    "TDM_E_2_e.ur.ds.load_vert_roll": 2579.995361328125,
    "TDM_E_2_e.ur.axial_displace_lower_shaft": 216.0448608398437,
    "TDM_E_2_e.ur.torque": 117.8585968017578,
    "U0_u0.ds.roll_hor_gap": 12.88059902191162,
    "U0_u0.os.roll_hor_gap": 9.73495101928711,
    "U0_u0.ds.roll_vert_gap": 8.082551002502441,
    "U0_u0.os.roll_vert_gap": 11.416647911071776,
    "U0_u0.hax_act_srg": 2.4307620525360107,
    "U0_u0.reference_offset_axial_shifting": 2.400000095367432,
    "U0_u0.gr41.speed.act": 3.311734914779663,
    "TDM_UF_1_uf.ds.roll_hor_gap": 31.69771957397461,
    "TDM_UF_1_uf.os.roll_hor_gap": 31.749753952026367,
    "TDM_UF_1_uf.ds.roll_vert_gap": 19.629053115844727,
    "TDM_UF_1_uf.os.roll_vert_gap": 29.315479278564453,
    "TDM_UF_1_uf.hax_act_srg": 2.128633499145508,
    "TDM_UF_1_uf.reference_offset_axial_shifting": 2.0999999046325684,
    "TDM_UF_1_uf.reference_inclination_horizontal_top_roll": 0.0,
    "TDM_UF_1_uf.os.top_cylinder.act": 110.03548431396484,
    "TDM_UF_1_uf.ds.top_cylinder.act": 110.18151092529295,
    "TDM_UF_1_uf.ds.reference_thickness_vertical": 19.5,
    "TDM_UF_1_uf.os.reference_thickness_vertical": 29.0,
    "TDM_UF_1_uf.gr11.speed.act.rpm": 5.337878227233887,
    "TDM_UF_2_uf.ds.roll_hor_gap": 27.5397891998291,
    "TDM_UF_2_uf.os.roll_hor_gap": 27.39788055419922,
    "TDM_UF_2_uf.ds.roll_vert_gap": 13.876859664916992,
    "TDM_UF_2_uf.os.roll_vert_gap": 24.995193481445312,
    "TDM_UF_2_uf.hax_act_srg": 2.128633499145508,
    "TDM_UF_2_uf.reference_offset_axial_shifting": 2.0999999046325684,
    "TDM_UF_2_uf.reference_inclination_horizontal_top_roll": 0.0,
    "TDM_UF_2_uf.os.top_cylinder.act": 112.38201141357422,
    "TDM_UF_2_uf.ds.top_cylinder.act": 112.83772277832033,
    "TDM_UF_2_uf.ds.reference_thickness_vertical": 19.5,
    "TDM_UF_2_uf.os.reference_thickness_vertical": 29.0,
    "TDM_UF_2_uf.gr11.speed.act.rpm": -1.999999046325684,
    "TDM_UF_3_uf.ds.roll_hor_gap": 22.170902252197266,
    "TDM_UF_3_uf.os.roll_hor_gap": 21.91546630859375,
    "TDM_UF_3_uf.ds.roll_vert_gap": 8.500190734863281,
    "TDM_UF_3_uf.os.roll_vert_gap": 12.490577697753906,
    "TDM_UF_3_uf.hax_act_srg": 2.146944284439087,
    "TDM_UF_3_uf.reference_offset_axial_shifting": 2.0999999046325684,
    "TDM_UF_3_uf.reference_inclination_horizontal_top_roll": 0.0,
    "TDM_UF_3_uf.os.top_cylinder.act": 115.38064575195312,
    "TDM_UF_3_uf.ds.top_cylinder.act": 115.52919006347656,
    "TDM_UF_3_uf.ds.reference_thickness_vertical": 19.100000381469727,
    "TDM_UF_3_uf.os.reference_thickness_vertical": 27.5,
    "TDM_UF_3_uf.gr11.speed.act.rpm": 1.7917226552963257,
    "TDM_UR_1_ur.ds.roll_hor_gap": 35.95025634765625,
    "TDM_UR_1_ur.os.roll_hor_gap": 35.936065673828125,
    "TDM_UR_1_ur.ds.roll_vert_gap": 23.41939353942871,
    "TDM_UR_1_ur.os.roll_vert_gap": 36.496070861816406,
    "TDM_UR_1_ur.hax_act_srg": 0.9201189875602722,
    "TDM_UR_1_ur.reference_offset_axial_shifting": 0.800000011920929,
    "TDM_UR_1_ur.reference_inclination_horizontal_top_roll": 0.0,
    "TDM_UR_1_ur.ds.reference_thickness_vertical": 23.5,
    "TDM_UR_1_ur.os.reference_thickness_vertical": 36.20000076293945,
    "TDM_UR_1_ur.gr11.speed.act.rpm": 3.000150203704834,
    "TDM_UR_2_ur.ds.roll_hor_gap": 34.62577438354492,
    "TDM_UR_2_ur.os.roll_hor_gap": 34.6305046081543,
    "TDM_UR_2_ur.ds.roll_vert_gap": 22.69291114807129,
    "TDM_UR_2_ur.os.roll_vert_gap": 36.057373046875,
    "TDM_UR_2_ur.hax_act_srg": 0.8560311198234558,
    "TDM_UR_2_ur.reference_offset_axial_shifting": 0.800000011920929,
    "TDM_UR_2_ur.reference_inclination_horizontal_top_roll": 0.0,
    "TDM_UR_2_ur.ds.reference_thickness_vertical": 23.5,
    "TDM_UR_2_ur.os.reference_thickness_vertical": 36.0,
    "TDM_UR_2_ur.gr11.speed.act.rpm": 3.000150203704834,
    "TDM_E_1_e.ds.roll_hor_gap": 13.755703926086426,
    "TDM_E_1_e.os.roll_hor_gap": 13.325246810913086,
    "TDM_E_1_e.reference_inclination_horizontal_top_roll": 2.5,
    "TDM_E_1_e.gh31.pos.set": 430.0,
    "TDM_E_1_e.gh31.pos.act": 427.802978515625,
    "TDM_E_1_e.gr11.speed.act.rpm": 5.494919300079346,
    "TDM_E_2_e.ds.roll_hor_gap": 13.017777442932127,
    "TDM_E_2_e.os.roll_hor_gap": 13.00831699371338,
    "TDM_E_2_e.reference_inclination_horizontal_top_roll": 2.5,
    "TDM_E_2_e.gh31.pos.set": 425.0,
    "TDM_E_2_e.gh31.pos.act": 426.5239868164063,
    "TDM_E_2_e.gr11.speed.act.rpm": 5.494919300079346
}
